{"min":[18,22,1,0,4742],"max":[411,422,12.588715703066034,0.9935067190287106,53339]}