{"min":[23,26,1.0042763798564114,0.19812832785399168,5104],"max":[376,422,12.588715703066034,0.9905130549762544,28199]}