{"min":[13,20,1,0,4021],"max":[515,422,14.26930672969391,0.9944550389291091,53339]}